[
  {
    "Name": "Angular Speedster Board 2000",
    "Description": "Lorem ipsum dolor sit amet, consectetuer adipiscing elit. Maecenas porttitor congue massa. Fusce posuere, magna sed pulvinar ultricies, purus lectus malesuada libero, sit amet commodo magna eros quis urna.",
    "Price": 200,
    "PictureUrl": "images/products/image1.png",
    "ProductTypeId": 1,
    "ProductBrandId": 1
  },
  {
    "Name": "Green Angular Board 3000",
    "Description": "Nunc viverra imperdiet enim. Fusce est. Vivamus a tellus.",
    "Price": 150,
    "PictureUrl": "images/products/image2.png",
    "ProductTypeId": 1,
    "ProductBrandId": 1
  },
  {
    "Name": "Core Board Speed Rush 3",
    "Description": "Suspendisse dui purus, scelerisque at, vulputate vitae, pretium mattis, nunc. Mauris eget neque at sem venenatis eleifend. Ut nonummy.",
    "Price": 180,
    "PictureUrl": "images/products/image3.png",
    "ProductTypeId": 1,
    "ProductBrandId": 2
  },
  {
    "Name": "Net Core Super Board",
    "Description": "Pellentesque habitant morbi tristique senectus et netus et malesuada fames ac turpis egestas. Proin pharetra nonummy pede. Mauris et orci.",
    "Price": 300,
    "PictureUrl": "images/products/images4.png",
    "ProductTypeId": 1,
    "ProductBrandId": 2
  },
  {
    "Name": "React Board Super Whizzy Fast",
    "Description": "Lorem ipsum dolor sit amet, consectetuer adipiscing elit. Maecenas porttitor congue massa. Fusce posuere, magna sed pulvinar ultricies, purus lectus malesuada libero, sit amet commodo magna eros quis urna.",
    "Price": 250,
    "PictureUrl": "images/products/image5.png",
    "ProductTypeId": 1,
    "ProductBrandId": 4
  },
  {
    "Name": "Typescript Entry Board",
    "Description": "Aenean nec lorem. In porttitor. Donec laoreet nonummy augue.",
    "Price": 120,
    "PictureUrl": "images/products/image5.png",
    "ProductTypeId": 1,
    "ProductBrandId": 5
  },
  {
    "Name": "Core Blue Hat",
    "Description": "Fusce posuere, magna sed pulvinar ultricies, purus lectus malesuada libero, sit amet commodo magna eros quis urna.",
    "Price": 10,
    "PictureUrl": "images/products/image6.png",
    "ProductTypeId": 2,
    "ProductBrandId": 2
  },
  {
    "Name": "Green React Woolen Hat",
    "Description": "Suspendisse dui purus, scelerisque at, vulputate vitae, pretium mattis, nunc. Mauris eget neque at sem venenatis eleifend. Ut nonummy.",
    "Price": 8,
    "PictureUrl": "images/products/image7.png",
    "ProductTypeId": 2,
    "ProductBrandId": 4
  },
  {
    "Name": "Purple React Woolen Hat",
    "Description": "Fusce posuere, magna sed pulvinar ultricies, purus lectus malesuada libero, sit amet commodo magna eros quis urna.",
    "Price": 15,
    "PictureUrl": "images/products/images8.png",
    "ProductTypeId": 2,
    "ProductBrandId": 4
  },
  {
    "Name": "Blue Code Gloves",
    "Description": "Nunc viverra imperdiet enim. Fusce est. Vivamus a tellus.",
    "Price": 18,
    "PictureUrl": "images/products/image9.png",
    "ProductTypeId": 4,
    "ProductBrandId": 3
  },
  {
    "Name": "Green Code Gloves",
    "Description": "Pellentesque habitant morbi tristique senectus et netus et malesuada fames ac turpis egestas. Proin pharetra nonummy pede. Mauris et orci.",
    "Price": 15,
    "PictureUrl": "images/products/images10.png",
    "ProductTypeId": 4,
    "ProductBrandId": 3
  },
  {
    "Name": "Purple React Gloves",
    "Description": "Lorem ipsum dolor sit amet, consectetuer adipiscing elit. Maecenas porttitor congue massa.",
    "Price": 16,
    "PictureUrl": "images/products/image11.png",
    "ProductTypeId": 4,
    "ProductBrandId": 4
  },
  {
    "Name": "Green React Gloves",
    "Description": "Pellentesque habitant morbi tristique senectus et netus et malesuada fames ac turpis egestas. Proin pharetra nonummy pede. Mauris et orci.",
    "Price": 14,
    "PictureUrl": "images/products/image12.png",
    "ProductTypeId": 4,
    "ProductBrandId": 4
  },
  {
    "Name": "Redis Red Boots",
    "Description": "Suspendisse dui purus, scelerisque at, vulputate vitae, pretium mattis, nunc. Mauris eget neque at sem venenatis eleifend. Ut nonummy.",
    "Price": 250,
    "PictureUrl": "images/products/image13.png",
    "ProductTypeId": 3,
    "ProductBrandId": 6
  },
  {
    "Name": "Core Red Boots",
    "Description": "Lorem ipsum dolor sit amet, consectetuer adipiscing elit. Maecenas porttitor congue massa. Fusce posuere, magna sed pulvinar ultricies, purus lectus malesuada libero, sit amet commodo magna eros quis urna.",
    "Price": 189.99,
    "PictureUrl": "images/products/image14.png",
    "ProductTypeId": 3,
    "ProductBrandId": 2
  },
  {
    "Name": "Core Purple Boots",
    "Description": "Pellentesque habitant morbi tristique senectus et netus et malesuada fames ac turpis egestas. Proin pharetra nonummy pede. Mauris et orci.",
    "Price": 199.99,
    "PictureUrl": "images/products/image15.png",
    "ProductTypeId": 3,
    "ProductBrandId": 2
  },
  {
    "Name": "Angular Purple Boots",
    "Description": "Aenean nec lorem. In porttitor. Donec laoreet nonummy augue.",
    "Price": 150,
    "PictureUrl": "images/products/image16.png",
    "ProductTypeId": 3,
    "ProductBrandId": 1
  },
  {
    "Name": "Angular Blue Boots",
    "Description": "Suspendisse dui purus, scelerisque at, vulputate vitae, pretium mattis, nunc. Mauris eget neque at sem venenatis eleifend. Ut nonummy.",
    "Price": 180,
    "PictureUrl": "images/products/image17.png",
    "ProductTypeId": 3,
    "ProductBrandId": 1
  }
]